/* Hate Group Database */
/* Julie Sparks, Maria Morales, Jacob Buckelew, Miriam Scheinblum */
/*
    HateGroupPop.sql is a script with the purpose of populating the 
    hategroup_db and contains insertions for all 7 tables.
*/

/* Ideology_t population */

insert into ideology_t values('Anti-Immigrant', 'xenophobia');
insert into ideology_t values('Anti-LGBT', 'homophobia');
insert into ideology_t values('Anti-Muslim', 'islamophobia');
insert into ideology_t values('Black Separatist', 'anti-white');
insert into ideology_t values('Christian Identity', 'anti-semitism');
insert into ideology_t values('General Hate', 'miscellaneous');
insert into ideology_t values('Hate Music', 'white supremacy');
insert into ideology_t values('Holocaust Denial', 'anti-semitism');
insert into ideology_t values('Male Supremacy', 'misogyny');
insert into ideology_t values('Neo-Confederate', 'southern nationalism');
insert into ideology_t values('Neo-Nazi', 'anti-semitism');
insert into ideology_t values('Neo-Volkisch', 'ethnocentrism');
insert into ideology_t values('Racist Skinhead', 'white supremacy');
insert into ideology_t values('Radical Traditional Catholicism', 'anti-semitism');
insert into ideology_t values('White Nationalist', 'white supremacy');
commit;

/* Hategroup_t population */

insert into hategroup_t values('American Border Patrol', 3, 'Sierra Vista, Arizona', '1992', 'Anti-Immigrant');
insert into hategroup_t values('Americans for Legal Immigration', 0, 'Raleigh, North Carolina', '2004', 'Anti-Immigrant');
insert into hategroup_t values('Californians for Population Stabilization', 0, 'Santa Barbara, California', '1979', 'Anti-Immigrant');
insert into hategroup_t values('Help Save Maryland', 0, 'Derwood, Maryland', '2011', 'Anti-Immigrant');
insert into hategroup_t values('Legal Immigrants for America', 0, 'Winter Springs, Florida', '2015', 'Anti-Immigrant');

insert into hategroup_t values('American Vision', 0, 'Powder Springs, Georgia', '1978', 'Anti-LGBT');
insert into hategroup_t values('D. James Kennedy Ministries', 0, 'Fort Lauderdale, Florida', '1974', 'Anti-LGBT');
insert into hategroup_t values('Illinois Family Institute', 0, 'Carol Stream, Illinois', '1990', 'Anti-LGBT');
insert into hategroup_t values('Generations', 0, 'Elizabeth, Colorado', '2008', 'Anti-LGBT');
insert into hategroup_t values('All Scripture Baptist Church', 0, 'Knoxville, Tennessee', '2017', 'Anti-LGBT');

insert into hategroup_t values('American Freedom Law Center', 0, 'Ann Arbor, Michigan', '2012', 'Anti-Muslim');
insert into hategroup_t values('Last Chance Patriots', 0, 'Dayton, Montana', '2015', 'Anti-Muslim');
insert into hategroup_t values('The Straight Way', 0, 'Marble Hill, Missouri', '2001', 'Anti-Muslim');
insert into hategroup_t values('Proclaiming Justice to the Nations', 0, 'Franklin, Tennessee', '2005', 'Anti-Muslim');
insert into hategroup_t values('ACT for America', 0, 'Washington, D.C.', '2007', 'Anti-Muslim');

insert into hategroup_t values('Black Riders Liberation Party', 2 , 'Los Angeles, California', '1996', 'Black Separatist');
insert into hategroup_t values('Nation of Islam', 3, 'Chicago, Illinois', '1930', 'Black Separatist');
insert into hategroup_t values('New Black Panther Party', 2, 'Houston, Texas', '1989', 'Black Separatist');
insert into hategroup_t values('War on the Horizon', 0, 'Washington, D.C.', '2005', 'Black Separatist');
insert into hategroup_t values('Watchmen for Israel', 0, 'Baltimore, Maryland', '2015', 'Black Separatist');

insert into hategroup_t values('Christian Revival Center', 0, 'Harrison, Arkansas', '1990', 'Christian Identity');
insert into hategroup_t values('Our Place Fellowship', 0, 'Colville, Washington', '2000', 'Christian Identity');
insert into hategroup_t values('Fellowship of God''s Covenant People', 0, 'Union, Kentucky', '1987', 'Christian Identity');
insert into hategroup_t values('Christogenea', 0, 'Panama City, Florida', '1997', 'Christian Identity');
insert into hategroup_t values('Church of Israel', 0, 'Schnell City, Missouri', '1972', 'Christian Identity');

insert into hategroup_t values('A2Z Publications', 0, 'Las Vegas, Nevada', '2015', 'General Hate');
insert into hategroup_t values('Hell Shaking Street Preachers', 2, 'Portland, Oregon', '2017', 'General Hate');
insert into hategroup_t values('Sharkhunters International', 0, 'Hernando, Florida', '1999', 'General Hate');
insert into hategroup_t values('Chick Publications', 0, 'Ontario, California', '1966', 'General Hate');
insert into hategroup_t values('All Eyes on Egypt', 0, 'Macon, Georgia', '1993', 'General Hate');

insert into hategroup_t values('Hostile Class Productions', 0, 'Burbank, Illinois', '1992', 'Hate Music');
insert into hategroup_t values('MSR Productions', 0, 'Wheat Ridge, Colorado', '1988', 'Hate Music');
insert into hategroup_t values('Label 56', 1, 'Baltimore, Maryland', '2012', 'Hate Music');
insert into hategroup_t values('Tightrope', 0, 'Calico Rock, Arkansas', '2004', 'Hate Music');
insert into hategroup_t values('United Riot Records', 0, 'New York, New York', '2009', 'Hate Music');

insert into hategroup_t values('American Freedom Party', 3, 'Los Angeles, California', '2010', 'White Nationalist');
insert into hategroup_t values('American Identity Movement', 0, 'Harpers Ferry, West Virginia', '2016', 'White Nationalist');
insert into hategroup_t values('The Right Stuff', 2, 'Hopewell Junction, New York', '2012', 'White Nationalist');
insert into hategroup_t values('Real Republic of Florida', 1, 'Tallahassee, Florida', '2014', 'White Nationalist');
insert into hategroup_t values('Faith and Heritage', 44, 'Killeen, Texas', '1990', 'White Nationalist');
insert into hategroup_t values('Knights of the Ku Klux Klan', 16, 'Harrison, Arkansas', '1975', 'White Nationalist');

insert into hategroup_t values('Catholic Apologetics International', 0, 'Greencastle, Pennsylvania', '2004', 'Radical Traditional Catholicism');
insert into hategroup_t values('Christ or Chaos', 0, 'West Chester, Ohio', '1996', 'Radical Traditional Catholicism');
insert into hategroup_t values('Slaves of the Immaculate Heart of Mary', 3, 'Still River, Massachusetts', '1953', 'Radical Traditional Catholicism');
insert into hategroup_t values('The Fatima Crusader', 2, 'Buffalo, New York', '1977', 'Radical Traditional Catholicism');
insert into hategroup_t values('In the Spirit of Chartres Committee', 0, 'Glenelg, Maryland', '1999', 'Radical Traditional Catholicism');

insert into hategroup_t values('AC Skins', 2, 'Atlantic City, New Jersey', '1986', 'Racist Skinhead');
insert into hategroup_t values('American Defense Skinhead', 7, 'Statewide, Illinois', '2015', 'Racist Skinhead');
insert into hategroup_t values('Blood and Honour Social Club', 3, 'Raleigh, North Carolina', '1987', 'Racist Skinhead');
insert into hategroup_t values('Be Active Front USA', 0, 'Philadelphia, Pennsylvania', '2013', 'Racist Skinhead');
insert into hategroup_t values('Golden State Skinhead', 8, 'Northern, California', '2009', 'Racist Skinhead');

insert into hategroup_t values('Asatru Folk Assembly', 0, 'Brownsville, California', '1994', 'Neo-Volkisch');
insert into hategroup_t values('The Heathen Coalition', 0, 'Milwaukee, Wisconsin', '2015', 'Neo-Volkisch');
insert into hategroup_t values('Wolves of Vinland', 1, 'Lynchburg, Virginia', '2017', 'Neo-Volkisch');
insert into hategroup_t values('Wotan''s Nation', 2, 'Decatour, Tennessee', '1990', 'Neo-Volkisch');
insert into hategroup_t values('Woden''s Folk Kindred', 3, 'Waxahachie, Texas','2013','Neo-Volkisch');

insert into hategroup_t values('National Alliance',  15, 'Laurel Bloomery, Tennessee', '1974', 'Neo-Nazi');
insert into hategroup_t values('National Socialist Movement', 2, 'Kissimmee, Florida', '1994', 'Neo-Nazi');
insert into hategroup_t values('National Socialist Liberation Front', 3, 'Montgomery, Alabama', '1969', 'Neo-Nazi');
insert into hategroup_t values('American Nazi Party', 30, 'Statewide, New  Hampshire', '1965', 'Neo-Nazi');
insert into hategroup_t values('Atomwaffen Division', 11, 'Statewide, Colorado', '2015', 'Neo-Nazi');

insert into hategroup_t values('League of the South', 12, 'Killen, Alabama', '1994', 'Neo-Confederate');
insert into hategroup_t values('Dixie Republic',  1, 'Travelers Rest, South Carolina', '2003', 'Neo-Confederate');
insert into hategroup_t values('Identity Dixie', 2, 'Cookeville, Tennessee',  '2015', 'Neo-Confederate');
insert into hategroup_t values('Southern Revivalism', 2, 'Statewide, North Carolina', '1995', 'Neo-Confederate');
insert into hategroup_t values('Heirs to the Confederacy', 16, 'Asheboro, North Carolina','1992', 'Neo-Confederate');

insert into hategroup_t values('A Voice For Men', 3, 'Houston, Texas', '2009', 'Male Supremacy');

insert into hategroup_t values('Institute for Historical Review', 0, 'Newport Beach, California', '1978', 'Holocaust Denial');
insert into hategroup_t values('Committee for Open Debate on the Holocaust', 0, 'Mill Valley, California', '1987', 'Holocaust Denial');
insert into hategroup_t values('Barnes Review', 0, 'Upper Marlboro, Maryland', '1994', 'Holocaust Denial');
commit;

/* hategroupstate_t population */

insert into hategroupstate_t values('American Border Patrol', 'Arizona');
insert into hategroupstate_t values('A Voice for Men', 'Texas');
insert into hategroupstate_t values('Americans for Legal Immigration', 'Texas');
insert into hategroupstate_t values('A2Z Publications', 'Nevada');
insert into hategroupstate_t values('AC Skins', 'New Jersey');
insert into hategroupstate_t values('AC Skins', 'California');
insert into hategroupstate_t values('ACT for America','New Hampshire');
insert into hategroupstate_t values('AC Skins', 'Nebraska');
insert into hategroupstate_t values('ACT for America', 'Massachusetts');
insert into hategroupstate_t values('ACT for America', 'Connecticut');
insert into hategroupstate_t values('ACT for America', 'New York');
insert into hategroupstate_t values('ACT for America', 'Pennsylvania');
insert into hategroupstate_t values('ACT for America', 'Ohio');
insert into hategroupstate_t values('ACT for America', 'West Virginia');
insert into hategroupstate_t values('ACT for America', 'Tennessee');
insert into hategroupstate_t values('ACT for America', 'Florida');
insert into hategroupstate_t values('ACT for America', 'Louisiana');
insert into hategroupstate_t values('ACT for America', 'Arkansas');
insert into hategroupstate_t values('ACT for America', 'Missouri');
insert into hategroupstate_t values('ACT for America', 'Indiana');
insert into hategroupstate_t values('ACT for America', 'Illinois');
insert into hategroupstate_t values('ACT for America', 'Wisconsin');
insert into hategroupstate_t values('ACT for America', 'Montana');
insert into hategroupstate_t values('ACT for America', 'Oregon');
insert into hategroupstate_t values('ACT for America', 'California');
insert into hategroupstate_t values('ACT for America', 'Arizona');
insert into hategroupstate_t values('ACT for America', 'Texas');
insert into hategroupstate_t values('All Eyes on Egypt', 'Georgia');
insert into hategroupstate_t values('All Scripture Baptist Church', 'Tennessee');
insert into hategroupstate_t values('American Defense Skinhead', 'Illinois');
insert into hategroupstate_t values('American Defense Skinhead', 'Pennsylvania');
insert into hategroupstate_t values('American Freedom Law Center', 'Michigan');
insert into hategroupstate_t values('American Freedom Party', 'California');
insert into hategroupstate_t values('American Freedom Party', 'New York');
insert into hategroupstate_t values('American Freedom Party', 'North Dakota');
insert into hategroupstate_t values('American Freedom Party', 'Wisconsin');
insert into hategroupstate_t values('American Freedom Party', 'Florida');
insert into hategroupstate_t values('American Freedom Party', 'Texas');
insert into hategroupstate_t values('American Identity Movement', 'West Virginia');
insert into hategroupstate_t values('American Identity Movement', 'Missouri');
insert into hategroupstate_t values('American Identity Movement', 'South Dakota');
insert into hategroupstate_t values('American Identity Movement', 'Wyoming');
insert into hategroupstate_t values('American Identity Movement', 'Wisconsin');
insert into hategroupstate_t values('American Identity Movement', 'Montana');
insert into hategroupstate_t values('American Identity Movement', 'Indiana');
insert into hategroupstate_t values('American Identity Movement', 'Oklahoma');
insert into hategroupstate_t values('American Identity Movement', 'Ohio');
insert into hategroupstate_t values('American Identity Movement', 'Kentucky');
insert into hategroupstate_t values('American Identity Movement', 'Connecticut');
insert into hategroupstate_t values('American Identity Movement', 'Arizona');
insert into hategroupstate_t values('American Identity Movement', 'Minnesota');
insert into hategroupstate_t values('American Identity Movement', 'Oregon');
insert into hategroupstate_t values('American Identity Movement', 'North Carolina');
insert into hategroupstate_t values('American Identity Movement', 'Georgia');
insert into hategroupstate_t values('American Identity Movement', 'Florida');
insert into hategroupstate_t values('American Identity Movement', 'Michigan');
insert into hategroupstate_t values('American Identity Movement', 'New Jersey');
insert into hategroupstate_t values('American Identity Movement', 'Tennessee');
insert into hategroupstate_t values('American Identity Movement', 'New York');
insert into hategroupstate_t values('American Identity Movement', 'Maryland');
insert into hategroupstate_t values('American Identity Movement', 'Pennsylvania');
insert into hategroupstate_t values('American Identity Movement', 'Virginia');
insert into hategroupstate_t values('American Identity Movement', 'Louisiana');
insert into hategroupstate_t values('American Identity Movement', 'California');
insert into hategroupstate_t values('American Identity Movement', 'Colorado');
insert into hategroupstate_t values('American Identity Movement', 'Illinois');
insert into hategroupstate_t values('American Identity Movement', 'Utah');
insert into hategroupstate_t values('American Identity Movement', 'Washington');
insert into hategroupstate_t values('American Identity Movement', 'D.C.');
insert into hategroupstate_t values('American Nazi Party', 'South Carolina');
insert into hategroupstate_t values('American Nazi Party', 'New Hampshire');
insert into hategroupstate_t values('American Nazi Party', 'Ohio');
insert into hategroupstate_t values('American Nazi Party', 'California');
insert into hategroupstate_t values('American Vision', 'Georgia');
insert into hategroupstate_t values('Americans for Legal Immigration', 'North Carolina');
insert into hategroupstate_t values('Asatru Folk Assembly', 'California');
insert into hategroupstate_t values('Asatru Folk Assembly', 'Utah');
insert into hategroupstate_t values('Asatru Folk Assembly', 'Tennessee');
insert into hategroupstate_t values('Asatru Folk Assembly', 'Washington');
insert into hategroupstate_t values('Asatru Folk Assembly', 'Kentucky');
insert into hategroupstate_t values('Asatru Folk Assembly', 'Idaho');
insert into hategroupstate_t values('Asatru Folk Assembly', 'South Carolina');
insert into hategroupstate_t values('Asatru Folk Assembly', 'Florida');
insert into hategroupstate_t values('Asatru Folk Assembly', 'Indiana');
insert into hategroupstate_t values('Asatru Folk Assembly', 'Oregon');
insert into hategroupstate_t values('Asatru Folk Assembly', 'Missouri');
insert into hategroupstate_t values('Asatru Folk Assembly', 'Colorado');
insert into hategroupstate_t values('Asatru Folk Assembly', 'Massachusetts');
insert into hategroupstate_t values('Asatru Folk Assembly', 'Texas');
insert into hategroupstate_t values('Asatru Folk Assembly', 'Virginia');
insert into hategroupstate_t values('Asatru Folk Assembly', 'North Carolina');
insert into hategroupstate_t values('Asatru Folk Assembly', 'Alaska');
insert into hategroupstate_t values('Asatru Folk Assembly', 'Ohio');
insert into hategroupstate_t values('Asatru Folk Assembly', 'Pennsylvania');
insert into hategroupstate_t values('Asatru Folk Assembly', 'Georgia');
insert into hategroupstate_t values('Asatru Folk Assembly', 'North Dakota');
insert into hategroupstate_t values('Asatru Folk Assembly', 'Minnesota');
insert into hategroupstate_t values('Atomwaffen Division', 'Colorado');
insert into hategroupstate_t values('Atomwaffen Division', 'Maryland');
insert into hategroupstate_t values('Atomwaffen Division', 'Virginia');
insert into hategroupstate_t values('Atomwaffen Division', 'California');
insert into hategroupstate_t values('Atomwaffen Division', 'New Jersey');
insert into hategroupstate_t values('Atomwaffen Division', 'Washington');
insert into hategroupstate_t values('Atomwaffen Division', 'Florida');
insert into hategroupstate_t values('Atomwaffen Division', 'Texas');
insert into hategroupstate_t values('Barnes Review', 'Maryland');
insert into hategroupstate_t values('Be Active Front USA', 'Maryland');
insert into hategroupstate_t values('Be Active Front USA', 'Pennsylvania');
insert into hategroupstate_t values('Black Riders Liberation Party', 'California');
insert into hategroupstate_t values('Black Riders Liberation Party', 'Nevada');
insert into hategroupstate_t values('Black Riders Liberation Party', 'New York');
insert into hategroupstate_t values('Black Riders Liberation Party', 'Oregon');
insert into hategroupstate_t values('Blood and Honour Social Club', 'North Carolina');
insert into hategroupstate_t values('Blood and Honour Social Club', 'Missouri');
insert into hategroupstate_t values('Blood and Honour Social Club', 'Virginia');
insert into hategroupstate_t values('Blood and Honour Social Club', 'Michigan');
insert into hategroupstate_t values('Blood and Honour Social Club', 'Ohio');
insert into hategroupstate_t values('Blood and Honour Social Club', 'Indiana');
insert into hategroupstate_t values('Blood and Honour Social Club', 'New York');
insert into hategroupstate_t values('Blood and Honour Social Club', 'Pennsylvania');
insert into hategroupstate_t values('Californians for Population Stabilization', 'California');
insert into hategroupstate_t values('Catholic Apologetics International', 'Pennsylvania');
insert into hategroupstate_t values('Chick Publications', 'California');
insert into hategroupstate_t values('Christ or Chaos', 'Ohio');
insert into hategroupstate_t values('Christian Revival Center', 'Arkansas');
insert into hategroupstate_t values('Christogenea', 'Florida');
insert into hategroupstate_t values('Church of Israel', 'Missouri');
insert into hategroupstate_t values('Committee for Open Debate on the Holocaust', 'California');
insert into hategroupstate_t values('Committee for Open Debate on the Holocaust', 'Pennsylvania');
insert into hategroupstate_t values('D. James Kennedy Ministries', 'Florida');
insert into hategroupstate_t values('Dixie Republic', 'South Carolina');
insert into hategroupstate_t values('Faith and Heritage', 'Texas');
insert into hategroupstate_t values('Fellowship of God''s Covenant People', 'Kentucky');
insert into hategroupstate_t values('Generations', 'Colorado');
insert into hategroupstate_t values('Golden State Skinhead', 'California');
insert into hategroupstate_t values('Heirs to the Confederacy', 'North Carolina');
insert into hategroupstate_t values('Hell Shaking Street Preachers', 'Oregon');
insert into hategroupstate_t values('Help Save Maryland', 'Maryland');
insert into hategroupstate_t values('Hostile Class Productions', 'Illinois');
insert into hategroupstate_t values('Identity Dixie', 'Louisiana');
insert into hategroupstate_t values('Identity Dixie', 'Texas');
insert into hategroupstate_t values('Identity Dixie', 'Georgia');
insert into hategroupstate_t values('Identity Dixie', 'Florida');
insert into hategroupstate_t values('Identity Dixie', 'North Carolina');
insert into hategroupstate_t values('Identity Dixie', 'Tennessee');
insert into hategroupstate_t values('Identity Dixie', 'Virginia');
insert into hategroupstate_t values('Illinois Family Institute', 'Illinois');
insert into hategroupstate_t values('In the Spirit of Chartres Committee', 'Maryland');
insert into hategroupstate_t values('Institute for Historical Review', 'California');
insert into hategroupstate_t values('Knights of the Ku Klux Klan', 'Arkansas');
insert into hategroupstate_t values('Label 56', 'Maryland');
insert into hategroupstate_t values('Last Chance Patriots', 'Montana');
insert into hategroupstate_t values('League of the South', 'Alabama');
insert into hategroupstate_t values('League of the South', 'Georgia');
insert into hategroupstate_t values('League of the South', 'Virginia');
insert into hategroupstate_t values('League of the South', 'Tennessee');
insert into hategroupstate_t values('League of the South', 'Arkansas');
insert into hategroupstate_t values('League of the South', 'Mississippi');
insert into hategroupstate_t values('League of the South', 'Florida');
insert into hategroupstate_t values('League of the South', 'Kentucky');
insert into hategroupstate_t values('Legal Immigrants for America', 'Florida');
insert into hategroupstate_t values('MSR Productions', 'Colorado');
insert into hategroupstate_t values('Nation of Islam', 'Illinois');
insert into hategroupstate_t values('Nation of Islam', 'Ohio');
insert into hategroupstate_t values('Nation of Islam', 'Georgia');
insert into hategroupstate_t values('Nation of Islam', 'Texas');
insert into hategroupstate_t values('Nation of Islam', 'Alabama');
insert into hategroupstate_t values('Nation of Islam', 'New York');
insert into hategroupstate_t values('Nation of Islam', 'New Jersey');
insert into hategroupstate_t values('Nation of Islam', 'North Carolina');
insert into hategroupstate_t values('Nation of Islam', 'Tennessee');
insert into hategroupstate_t values('Nation of Islam', 'South Carolina');
insert into hategroupstate_t values('Nation of Islam', 'California');
insert into hategroupstate_t values('Nation of Islam', 'Colorado');
insert into hategroupstate_t values('Nation of Islam', 'Michigan');
insert into hategroupstate_t values('Nation of Islam', 'Massachusetts');
insert into hategroupstate_t values('Nation of Islam', 'Florida');
insert into hategroupstate_t values('Nation of Islam', 'Indiana');
insert into hategroupstate_t values('Nation of Islam', 'Missouri');
insert into hategroupstate_t values('Nation of Islam', 'Kentucky');
insert into hategroupstate_t values('Nation of Islam', 'Wisconsin');
insert into hategroupstate_t values('Nation of Islam', 'Louisiana');
insert into hategroupstate_t values('Nation of Islam', 'Virginia');
insert into hategroupstate_t values('Nation of Islam', 'Arkansas');
insert into hategroupstate_t values('Nation of Islam', 'Oklahoma');
insert into hategroupstate_t values('Nation of Islam', 'Pennsylvania');
insert into hategroupstate_t values('Nation of Islam', 'Arizona');
insert into hategroupstate_t values('Nation of Islam', 'D.C.');
insert into hategroupstate_t values('Nation of Islam', 'Delaware');
insert into hategroupstate_t values('National Alliance', 'Tennessee');
insert into hategroupstate_t values('National Alliance', 'Iowa');
insert into hategroupstate_t values('National Alliance', 'West Virginia');
insert into hategroupstate_t values('National Socialist Liberation Front', 'Pennsylvania');
insert into hategroupstate_t values('National Socialist Liberation Front', 'Georgia');
insert into hategroupstate_t values('National Socialist Liberation Front', 'New York');
insert into hategroupstate_t values('National Socialist Liberation Front', 'Alabama');
insert into hategroupstate_t values('National Socialist Movement', 'Florida');
insert into hategroupstate_t values('National Socialist Movement', 'Connecticut');
insert into hategroupstate_t values('National Socialist Movement', 'Vermont');
insert into hategroupstate_t values('National Socialist Movement', 'Missouri');
insert into hategroupstate_t values('National Socialist Movement', 'Tennessee');
insert into hategroupstate_t values('National Socialist Movement', 'Pennsylvania');
insert into hategroupstate_t values('National Socialist Movement', 'Kentucky');
insert into hategroupstate_t values('National Socialist Movement', 'Illinois');
insert into hategroupstate_t values('National Socialist Movement', 'Michigan');
insert into hategroupstate_t values('National Socialist Movement', 'Arizona');
insert into hategroupstate_t values('New Black Panther Party', 'Texas');
insert into hategroupstate_t values('New Black Panther Party', 'Georgia');
insert into hategroupstate_t values('New Black Panther Party', 'Louisiana');
insert into hategroupstate_t values('New Black Panther Party', 'Ohio');
insert into hategroupstate_t values('Our Place Fellowship', 'Washington');
insert into hategroupstate_t values('Proclaiming Justice to the Nations', 'Tennessee');
insert into hategroupstate_t values('Real Republic of Florida', 'Florida');
insert into hategroupstate_t values('Sharkhunters International', 'Florida');
insert into hategroupstate_t values('Slaves of the Immaculate Heart of Mary', 'Massachusetts');
insert into hategroupstate_t values('Southern Revivalism', 'North Carolina');
insert into hategroupstate_t values('The Fatima Crusader', 'New York');
insert into hategroupstate_t values('The Heathen Coalition', 'Wisconsin');
insert into hategroupstate_t values('The Right Stuff', 'New York');
insert into hategroupstate_t values('The Right Stuff', 'South Dakota');
insert into hategroupstate_t values('The Right Stuff', 'Wisconsin');
insert into hategroupstate_t values('The Right Stuff', 'Colorado');
insert into hategroupstate_t values('The Right Stuff', 'North Carolina');
insert into hategroupstate_t values('The Right Stuff', 'Alabama');
insert into hategroupstate_t values('The Right Stuff', 'Minnesota');
insert into hategroupstate_t values('The Right Stuff', 'Florida');
insert into hategroupstate_t values('The Right Stuff', 'Pennsylvania');
insert into hategroupstate_t values('The Right Stuff', 'Nevada');
insert into hategroupstate_t values('The Right Stuff', 'California');
insert into hategroupstate_t values('The Right Stuff', 'Tennessee');
insert into hategroupstate_t values('The Right Stuff', 'D.C.');
insert into hategroupstate_t values('The Straight Way', 'Missouri');
insert into hategroupstate_t values('Tightrope', 'Arkansas');
insert into hategroupstate_t values('United Riot Records', 'New York');
insert into hategroupstate_t values('War on the Horizon', 'D.C.');
insert into hategroupstate_t values('Watchmen for Israel', 'Maryland');
insert into hategroupstate_t values('Woden''s Folk Kindred', 'Texas');
insert into hategroupstate_t values('Wolves of Vinland', 'Virginia');
insert into hategroupstate_t values('Wolves of Vinland', 'Alabama');
insert into hategroupstate_t values('Wolves of Vinland', 'Pennsylvania');
insert into hategroupstate_t values('Wolves of Vinland', 'Florida');
insert into hategroupstate_t values('Wolves of Vinland', 'South Carolina');
insert into hategroupstate_t values('Wolves of Vinland', 'Tennessee');
insert into hategroupstate_t values('Wolves of Vinland', 'Washington');
insert into hategroupstate_t values('Wotan''s Nation', 'Tennessee');
insert into hategroupstate_t values('Wotan''s Nation', 'Arizona');
insert into hategroupstate_t values('Wotan''s Nation', 'Mississippi');
insert into hategroupstate_t values('Wotan''s Nation', 'Pennsylvania');
commit;

/* hategroupcollab_t population */

insert into hategroupcollab_t values('Wolves of Vinland', 'Wotan''s Nation');
insert into hategroupcollab_t values('Woden''s Folk Kindred', 'Wolves of Vinland');
insert into hategroupcollab_t values('National Socialist Movement', 'National Socialist Liberation Front');
insert into hategroupcollab_t values('Barnes Review', 'Institute for Historical Review');
insert into hategroupcollab_t values('League of the South', 'Dixie Republic');
insert into hategroupcollab_t values('AC Skins', 'Blood and Honour Social Club');
insert into hategroupcollab_t values('Christ or Chaos', 'The Fatima Crusader');
insert into hategroupcollab_t values('American Freedom Party', 'The Right Stuff');
insert into hategroupcollab_t values('A2Z Publications', 'Chick Publications');
insert into hategroupcollab_t values('Christogenea', 'Church of Israel');
insert into hategroupcollab_t values('Nation of Islam', 'New Black Panther Party');
insert into hategroupcollab_t values('ACT for America', 'Last Chance Patriots');
insert into hategroupcollab_t values('Generations', 'American Vision');
insert into hategroupcollab_t values('Legal Immigrants for America', 'Americans for Legal Immigration');
insert into hategroupcollab_t values('Nation of Islam', 'Black Riders Liberation Party');
insert into hategroupcollab_t values('ACT for America', 'The Straight Way');
insert into hategroupcollab_t values('American Nazi Party', 'Atomwaffen Division');
insert into hategroupcollab_t values('League of the South', 'Heirs to the Confederacy');
insert into hategroupcollab_t values('Knights of the Ku Klux Klan', 'American Freedom Party');
insert into hategroupcollab_t values('Knights of the Ku Klux Klan', 'League of the South');
commit;

/* leader_t population (group name, dob, state, Name) */

insert into leader_t values('A Voice for Men', '1957-02-08', 'Texas', 'Paul Elam');
insert into leader_t values('A2Z Publications', '1938-10-23', 'Florida', 'Adrian Krieg');
insert into leader_t values('AC Skins', '1971-02-04', 'New Jersey', 'Bryan Bradley');
insert into leader_t values('ACT for America', '1964-10-21', 'D.C.', 'Brigitte Gabriel');
insert into leader_t values('All Scripture Baptist Church', '1987-05-10', 'Tennessee', 'Grayson Fitts');
insert into leader_t values('American Border Patrol', '1938-07-15', 'Arizona', 'Glenn Spencer');
insert into leader_t values('American Freedom Law Center', '1956-09-29', 'Michigan', 'David Yerushalmi');
insert into leader_t values('American Freedom Law Center', '1965-08-05', 'Michigan', 'Robert Muise');
insert into leader_t values('American Freedom Party', '1954-09-02', 'California', 'William Daniel Johnson');
insert into leader_t values('American Identity Movement', '1986-11-22', 'West Virginia', 'Patrick Casey');
insert into leader_t values('American Nazi Party', '1952-02-18', 'Michigan', 'Rocky Suhayda');
insert into leader_t values('American Vision', '1976-03-16', 'Georgia', 'Joel McDurmon');
insert into leader_t values('Americans for Legal Immigration', '1978-05-19', 'North Carolina', 'William Gheen');
insert into leader_t values('Asatru Folk Assembly', '1948-10-05', 'California', 'Stephen McNallen');
insert into leader_t values('Atomwaffen Division', '1952-07-25', 'Colorado', 'James Mason');
insert into leader_t values('Black Riders Liberation Party', '1973-11-01', 'California', 'Mischa Culton' );
insert into leader_t values('Catholic Apologetics International', '1955-09-13', 'Pennsylvania', 'Robert Sungenis');
insert into leader_t values('Chick Publications', '1965-07-28', 'California', 'David Daniels');
insert into leader_t values('Christ or Chaos', '1951-11-24', 'Ohio', 'Thomas Droleskey');
insert into leader_t values('Christian Revival Center', '1946-02-17', 'Arkansas', 'Thomas Robb');
insert into leader_t values('Christogenea', '1959-08-23', 'Florida', 'William Finck');
insert into leader_t values('Church of Israel', '1945-01-25', 'Missouri', 'Dan Gayman');
insert into leader_t values('D. James Kennedy Ministries', '1942-07-25', 'Florida', 'Frank Wright');
insert into leader_t values('Heirs to the Confederacy', '1968-11-02', 'North Carolina', 'Lance Spivey');
insert into leader_t values('Hell Shaking Street Preachers', '1991-01-16', 'Oregon', 'Allen Pucket');
insert into leader_t values('Help Save Maryland', '1975-07-19', 'Maryland', 'Brad Botwin');
insert into leader_t values('Identity Dixie', '1981-08-13', 'Tennessee', 'Ben Faulkner');
insert into leader_t values('Illinois Family Institute', '1973-09-17', 'Illinois', 'David Smith');
insert into leader_t values('In the Spirit of Chartres Committee', '1967-10-19', 'Maryland', 'Judith Sharpe');
insert into leader_t values('Institute for Historical Review', '1982-06-23', 'California', 'Mark Weber');
insert into leader_t values('Knights of the Ku Klux Klan', '1946-02-17', 'Arkansas', 'Thomas Robb');
insert into leader_t values('Last Chance Patriots', '1948-04-23', 'Montana', 'Linda Sauer');
insert into leader_t values('Last Chance Patriots', '1952-05-17', 'Montana', 'Ed Kugler');
insert into leader_t values('League of the South', '1951-09-12', 'Alabama', 'Michael Hill');
insert into leader_t values('Legal Immigrants for America', '1975-03-14', 'Florida', 'Amapola Hansberger');
insert into leader_t values('Nation of Islam', '1933-05-11', 'Illinois', 'Louis Farrakhan');
insert into leader_t values('National Alliance', '1963-05-23', 'Tennessee', 'Erich Gliebe');
insert into leader_t values('National Socialist Liberation Front', '1978-09-07', 'California', 'Steve Bowers');
insert into leader_t values('National Socialist Movement', '1982-02-24', 'Michigan', 'Burt Colucci');
insert into leader_t values('New Black Panther Party', '1968-07-28', 'Texas', 'Krystal Muhammad');
insert into leader_t values('Our Place Fellowship', '1937-06-03', 'Washington', 'Dan Henry');
insert into leader_t values('Proclaiming Justice to the Nations', '1974-12-16', 'Tennessee', 'Laurie Cardoza-Moore');
insert into leader_t values('Real Republic of Florida', '1984-11-24', 'Florida', 'Jordan Jereb');
insert into leader_t values('Sharkhunters International', '1944-05-19', 'Florida', 'Harry Cooper');
insert into leader_t values('The Right Stuff', '1977-02-15', 'New York', 'Mike Enoch');
insert into leader_t values('The Straight Way', '1978-04-25', 'Missouri', 'Usama Dakdok');
insert into leader_t values('Watchmen for Israel', '1981-06-10', 'Maryland', 'Jennipher Williams');
insert into leader_t values('Wolves of Vinland', '1984-09-26', 'Virginia', 'Matthias Waggener');
insert into leader_t values('Wotan''s Nation', '1972-06-21', 'Tennessee', 'Eric Meadows');
insert into leader_t values('Wotan''s Nation', '1975-11-18', 'Tennessee', 'Angela Johnson');
commit;

/* event_t population */
insert into event_t values(123400, 'Conference', 'Burns', 'Tennessee', 150, 'Neo-Confederate');
insert into event_t values(123401, 'Gathering', 'Tazewell', 'Tennessee', 24, 'Neo-Nazi');
insert into event_t values(123402, 'Conference', 'Burns', 'Tennessee', 120, 'White Nationalist');
insert into event_t values(123403, 'Conference', 'Burns', 'Tennessee', 90, 'White Nationalist');
insert into event_t values(123404, 'Leadership summit', 'West Palm Beach', 'Florida', 350, 'White Nationalist');
insert into event_t values(123405, 'Demonstration', 'Cheyenne', 'Wyoming', 20, 'White Nationalist');
insert into event_t values(123406, 'Yule Celebration', 'Bastrop', 'Texas', 39, 'Neo-Volkisch');
insert into event_t values(123407, 'Fall Finding', 'Midlothian', 'Texas', 18, 'Neo-Volkisch');
insert into event_t values(123408, 'Protest', 'Detroit', 'Michigan', 10, 'Neo-Nazi');
insert into event_t values(123409, 'Flash demonstration', 'Nashville', 'Tennessee', 80, 'White Nationalist');
insert into event_t values(123410, 'Flash demonstration', 'Little Rock', 'Arkansas', 15, 'Neo-Confederate');
insert into event_t values(123411, 'Gathering', 'Madison', 'Georgia', 15, 'White Nationalist');
insert into event_t values(123412, 'Gathering', 'Madison', 'Georgia', 30, 'White Nationalist');
insert into event_t values(123413, 'Values Voter Summit', 'Washington', 'D.C.', 2000, 'Anti-Muslim');
insert into event_t values(123414, 'Tour Talk', 'Melbourne', 'Florida', 40, 'Anti-Muslim');
insert into event_t values(123415, 'Tour Talk', 'Winter Springs', 'Florida', 104, 'Anti-Muslim');
insert into event_t values(123416, 'Rally', 'Frederick', 'Maryland', 90, 'Anti-Immigrant');
insert into event_t values(123417, 'Rally', 'Rockville', 'Maryland', 32, 'Anti-Immigrant');
insert into event_t values(123418, 'Conference', 'Johnson City', 'Tennessee', 50, 'Anti-LGBT');
insert into event_t values(123419, 'Fall Banquet', 'Tinley Park', 'Illinois', 210, 'Anti-LGBT');
insert into event_t values(123420, 'Conference', 'Tinley Park', 'Illinois', 90, 'Anti-LGBT' );
insert into event_t values(123421, 'Worldview Conference', 'Mokena', 'Illinois', 50, 'Anti-LGBT');
insert into event_t values(123422, 'Court Appeal', 'Cincinnati', 'Ohio', 12, 'Anti-Muslim');
insert into event_t values(123423, 'Political gathering', 'Polson', 'Montana', 40, 'Anti-Muslim');
insert into event_t values(123424, 'Recruiting', 'Los Angeles', 'California', 30, 'Black Separatist');
insert into event_t values(123425, 'Conference', 'Merrillville', 'Indiana', 250, 'Christian Identity');
insert into event_t values(123426, 'Gathering', 'Ontario', 'California', 20, 'General Hate');
insert into event_t values(123427, 'Concert', 'DeLand', 'Florida', 70, 'Hate Music');
insert into event_t values(123428, 'Rally', 'Hanover', 'Virginia', 24, 'White Nationalist');
insert into event_t values(123429, 'Course', 'Phoenix', 'Arizona', 50, 'Radical Traditional Catholicism');
commit;

/* eventOrg_t population*/
insert into eventOrg_t values('American Freedom Party', 123400, '2019-06-28');
insert into eventOrg_t values('League of the South', 123400, '2019-06-28');
insert into eventOrg_t values('American Identity Movement', 123400, '2019-06-28');
insert into eventOrg_t values('National Socialist Movement', 123401, '2019-04-09');
insert into eventOrg_t values('American Freedom Party', 123402, '2019-08-20');
insert into eventOrg_t values('American Identity Movement', 123402, '2019-08-20');
insert into eventOrg_t values('American Freedom Party', 123403, '2019-04-25');
insert into eventOrg_t values('American Identity Movement', 123404, '2019-12-20');
insert into eventOrg_t values('American Identity Movement', 123405, '2019-08-25');
insert into eventOrg_t values('Woden''s Folk Kindred', 123406, '2019-12-07');
insert into eventOrg_t values('Woden''s Folk Kindred', 123407, '2019-10-27');
insert into eventOrg_t values('National Socialist Movement', 123408, '2019-06-08');
insert into eventOrg_t values('American Identity Movement', 123409, '2019-03-10');
insert into eventOrg_t values('Be Active Front USA', 123409, '2019-03-10');
insert into eventOrg_t values('League of the South', 123410, '2019-05-26');
insert into eventOrg_t values('Knights of the Ku Klux Klan', 123411, '2019-10-4');
insert into eventOrg_t values('Knights of the Ku Klux Klan', 123412, '2019-10-5');
insert into eventOrg_t values('ACT for America', 123413, '2019-10-11');
insert into eventOrg_t values('ACT for America', 123413, '2019-10-12');
insert into eventOrg_t values('ACT for America', 123413, '2019-10-13');
insert into eventOrg_t values('ACT for America', 123414, '2019-03-28');
insert into eventOrg_t values('ACT for America', 123415, '2019-03-26');
insert into eventOrg_t values('Help Save Maryland', 123416, '2019-10-06');
insert into eventOrg_t values('Help Save Maryland', 123417, '2019-09-13');
insert into eventOrg_t values('American Vision', 123418, '2019-06-08');
insert into eventOrg_t values('Illinois Family Institute', 123419, '2019-11-01');
insert into eventOrg_t values('Illinois Family Institute', 123420, '2019-08-24');
insert into eventOrg_t values('Illinois Family Institute', 123421, '2019-03-16');
insert into eventOrg_t values('American Freedom Law Center', 123422,'2019-12-13');
insert into eventOrg_t values('Last Chance Patriots', 123423, '2019-10-20');
insert into eventOrg_t values('Black Riders Liberation Party', 123424, '2019-05-31');
insert into eventOrg_t values('Christian Revival Center', 123425, '2019-11-03');
insert into eventOrg_t values('Chick Publications', 123426, '2019-12-29');
insert into eventOrg_t values('United Riot Records', 123427, '2019-06-30');
insert into eventOrg_t values('Knights of the Ku Klux Klan', 123428, '2019-07-06');
insert into eventOrg_t values('Catholic Apologetics International', 123429, '2019-09-30');
commit;
